Capacity,SwitchFreq,Exact_Mean,Lossy_Mean,Lossy_Advantage
0.2,1,0.12069999999999999,0.17640000000000003,0.05570000000000004
0.2,2,0.10069999999999998,0.18579999999999994,0.08509999999999995
0.2,3,0.12179999999999998,0.19930000000000003,0.07750000000000005
0.2,5,0.1247,0.20980000000000004,0.08510000000000004
0.2,10,0.0,0.22849999999999998,0.22849999999999998
0.2,20,0.2475,0.24530000000000002,-0.0021999999999999797
0.5,1,0.3518,0.41929999999999995,0.06749999999999995
0.5,2,0.3563000000000001,0.6305999999999999,0.2742999999999998
0.5,3,0.4486,0.7090999999999998,0.26049999999999984
0.5,5,0.44920000000000004,0.7570999999999999,0.30789999999999984
0.5,10,0.0,0.8320000000000001,0.8320000000000001
0.5,20,0.8933999999999999,0.8959999999999999,0.0026000000000000467
0.8,1,0.5946,0.8583,0.26369999999999993
0.8,2,0.37790000000000007,0.8035,0.4255999999999999
0.8,3,0.4485,0.8027,0.35419999999999996
0.8,5,0.4488,0.8180999999999998,0.36929999999999985
0.8,10,0.0,0.8538,0.8538
0.8,20,0.8928,0.8936999999999999,0.0008999999999999009
1.0,1,0.7387999999999999,0.8847999999999999,0.14600000000000002
1.0,2,0.5467,0.8442000000000001,0.2975000000000001
1.0,3,0.4486,0.8199000000000001,0.3713000000000001
1.0,5,0.44849999999999995,0.8218,0.3733
1.0,10,0.0,0.8545,0.8545
1.0,20,0.8925,0.8936999999999999,0.0011999999999999789
1.5,1,0.8928999999999999,0.8848999999999999,-0.008000000000000007
1.5,2,0.8931,0.8452,-0.047900000000000054
1.5,3,0.7464000000000002,0.8202000000000002,0.07379999999999998
1.5,5,0.44720000000000004,0.8218,0.37459999999999993
1.5,10,0.0,0.8545,0.8545
1.5,20,0.8928999999999999,0.8936999999999999,0.0008000000000000229
2.0,1,0.8925,0.8848999999999999,-0.007600000000000051
2.0,2,0.8924000000000001,0.8452,-0.04720000000000013
2.0,3,0.8923000000000001,0.8202000000000002,-0.07209999999999994
2.0,5,0.45130000000000003,0.8218,0.37049999999999994
2.0,10,0.0,0.8545,0.8545
2.0,20,0.8923000000000001,0.8936999999999999,0.0013999999999998458
